SELECT 16777233;
length
16777233
SELECT 21;
length
21
SELECT 16777233;
length
16777233
SELECT 16777233;
length
16777233
SELECT PASSED;
length
PASSED
SELECT PASSED;
length
PASSED
