SELECT counter;
conn_id	stmt_id
2	1
SELECT counter;
conn_id	stmt_id
1	1
SELECT counter;
conn_id	stmt_id
1	2
SELECT counter;
conn_id	stmt_id
2	2
SELECT counter;
conn_id	stmt_id
5	1
