SELECT counter;
conn_id	stmt_id
2	1
SELECT counter;
conn_id	stmt_id
3	1
SELECT counter;
conn_id	stmt_id
4	1
SELECT counter;
conn_id	stmt_id
2	2
SELECT counter;
conn_id	stmt_id
3	2
